kode;nama
11.06.04.2022;Lamteuba Droe
11.06.04.2023;Pulo
11.06.04.2024;Lampantee
11.06.04.2025;Lambada
11.06.04.2026;Blang Tingkeum
11.06.04.2027;Ateuk
11.06.04.2028;Lam Apeng
11.06.04.2029;Meurah
11.06.04.2030;Lampanah
11.06.04.2031;Ujong Mesjid Lampanah
11.06.04.2032;Ujong Keupula
11.06.04.2033;Leungah
11.06.04.2034;Beureunut
11.06.04.2035;Meunasah Jeumpa
11.06.04.2036;Pinto Khop
11.06.04.2037;Bak Seutui
11.06.04.2038;Bak Aghu
11.06.04.2039;Kayee Adang
11.06.04.2040;Lamkuk
11.06.04.2041;Ujong Mesjid Tanoh Abee
11.06.04.2042;Lamcarak
11.06.04.2043;Capeung Dayah
11.06.04.2044;Capeung Baroh
11.06.04.2045;Lampisang Dayah
11.06.04.2046;Lampisang Tunong
11.06.04.2047;Lampisang Teungoh
11.06.05;Montasik
11.06.05.2001;Mata Ie
11.06.05.2002;Gampong Baroh
11.06.05.2003;Lampaseh Lhok
11.06.05.2004;Lampaseh Krueng
11.06.05.2005;Lamnga
11.06.05.2006;Dayah Daboh
11.06.05.2007;Weulhok
11.06.05.2008;Kp. Alue
11.06.05.2009;Weu Krueng
11.06.05.2010;Seuban Cot
11.06.05.2011;Bak Dilib
11.06.05.2012;Ulee Lhat
11.06.05.2015;Lamraya
11.06.05.2016;Lamme Garot
11.06.05.2017;Weu Bada
11.06.05.2018;Meunasah Tutong
11.06.05.2019;Empee Tanong
11.06.05.2020;Bak Cirih
11.06.05.2021;Warabo
11.06.05.2022;Teubang Phui Mesjid
11.06.05.2023;Teubang Phui Baro
11.06.05.2024;Bira Cot
11.06.05.2025;Bira Lhok
11.06.05.2026;Bung Tujoh
11.06.05.2027;Peurumping
11.06.05.2028;Atong
11.06.05.2029;Reudeup
11.06.05.2042;Seubam Lhok
11.06.05.2043;Seumet
11.06.05.2044;Cot Seunong
11.06.05.2045;Mon Ara
11.06.05.2046;Cot Lhok
11.06.05.2047;Cot Lampoh Soh
11.06.05.2048;Bueng Raya
11.06.05.2049;Piyeung Lhang
11.06.05.2050;Piyeung Manee
11.06.05.2051;Bueng Daroh
11.06.05.2052;Kuweu
11.06.05.2053;Piyeung Datu
11.06.06;Sukamakmur
11.06.06.2001;Reuhat Tuha
11.06.06.2002;Weusiteh
11.06.06.2003;Dilib Lamteungoh
11.06.06.2004;Baet Lampuot
11.06.06.2005;Dilib Bukit
11.06.06.2006;Seumeureung
11.06.06.2007;Sibreh Keumudee
11.06.06.2008;Baet Mesago
11.06.06.2009;Baet Mesjid
11.06.06.2010;Lambaro Sibreh
11.06.06.2011;Lamgeu Baro
11.06.06.2012;Lamgeu Tuha
11.06.06.2013;Lampanah Ineu
11.06.06.2014;Tampok Jeurat Raya
11.06.06.2015;Tampok Blang
11.06.06.2016;Lamteh Dayah
11.06.06.2017;Lam Lheu
11.06.06.2018;Lambarih Jurong Raya
11.06.06.2019;Bukloh
11.06.06.2020;Niron
11.06.06.2021;Aneuk Galong Baro
11.06.06.2022;Aneuk Galong Titi
11.06.06.2023;Blang Cut
11.06.06.2024;Klieng Mayang
11.06.06.2025;Aneuk Batee
11.06.06.2026;Meunasah Tuha
11.06.06.2027;Lampisang
11.06.06.2028;Meunasah Bakthu
11.06.06.2029;Lambirah Bak Mee
11.06.06.2030;Luthu Dayah Krueng
11.06.06.2031;Luthu Lamweu
11.06.06.2032;Panterawa
11.06.06.2033;Lambirah
11.06.06.2034;Kayee Adang
11.06.06.2035;Lam Tanjong
11.06.07;Darul Imarah
11.06.07.2001;Lampeuneurut Ujong Blang
11.06.07.2002;Lampeuneurut Gampong
11.06.07.2003;Lamreung
11.06.07.2004;Lamcot
11.06.07.2005;Lam Blang Trieng
11.06.07.2006;Lam Blang Mayang
11.06.07.2007;Bayu
11.06.07.2008;Lagang
11.06.07.2009;Lamsiteh
11.06.07.2010;Lamkawe
11.06.07.2011;Lheu Blang
11.06.07.2012;Payaroh
11.06.07.2013;Lamsidaya
11.06.07.2014;Kuta Karang
11.06.07.2015;Leu Geu
11.06.07.2016;Lampeuneun
11.06.07.2017;Lamtheun
11.06.07.2018;Deunong
11.06.07.2019;Tingkuem
11.06.07.2020;Kandang
11.06.07.2021;Lam Bheu
11.06.07.2022;Daroy Kameu
11.06.07.2023;Geundrieng
11.06.07.2024;Garot
11.06.07.2025;Pasheu Beutong
11.06.07.2026;Lampasi Engking
11.06.07.2027;Jeumpet Ajun
11.06.07.2028;Gue Gajah
11.06.07.2029;Leu Ue
11.06.07.2030;Ulee Lueng
11.06.07.2031;Punie
11.06.07.2032;Ulee Tuy
11.06.08;Peukan Bada
11.06.08.2001;Lambadeuk
11.06.08.2002;Lamguron
11.06.08.2003;Lambaro Nejid
11.06.08.2004;Lampageu
11.06.08.2005;Gampong Baro
11.06.08.2006;Lam Manyang
11.06.08.2007;Lamteh
11.06.08.2008;Lam Lumpu
11.06.08.2009;Lamteungoh
11.06.08.2010;Lamtutui
11.06.08.2011;Meunasah Tuha
11.06.08.2012;Lam Awe
11.06.08.2013;Pulo Bunta
11.06.08.2014;Beuradeun
11.06.08.2015;Lampisang
11.06.08.2016;Keuneu Eu
11.06.08.2017;Lam Isek
11.06.08.2018;Lamkeumok
11.06.08.2019;Lam Rukam
11.06.08.2020;Gurah
11.06.08.2021;Rima Jeuneu
11.06.08.2022;Lam Geu Eu
11.06.08.2023;Lam Hasan
11.06.08.2024;Paya Tieng
11.06.08.2025;Ajuen
11.06.08.2026;Rima Keuneurom
11.06.09;Mesjid Raya
11.06.09.2001;Meunasah Kulam
11.06.09.2002;Beurandeh
11.06.09.2003;Ie Seum
11.06.09.2004;Meunasah Keudee
11.06.09.2005;Lamreh
11.06.09.2006;Meunasah Mon
11.06.09.2007;Paya Kameng
11.06.09.2008;Ruyung
11.06.09.2009;Ladong
11.06.09.2010;Gampong Baro
11.06.09.2011;Durung
11.06.09.2012;Neuheun
11.06.09.2013;Lamnga
11.06.10;Ingin Jaya
11.06.10.2001;Lambaro
11.06.10.2002;Meunasah Manyang Lam Garot
11.06.10.2003;Bakoy
11.06.10.2004;Meunasah Baro
11.06.10.2005;Meunasah Deyah
11.06.10.2006;Meunasah Tutong
11.06.10.2007;Siron
11.06.10.2008;Pasie Lamgarot
11.06.10.2009;Dham Ceukok
11.06.10.2010;Dham Pulo
11.06.10.2011;Leubok Sukon
11.06.10.2012;Lubok Gapuy
11.06.10.2013;Pasie Lubuk
11.06.10.2014;Bueng Ceukok
11.06.10.2015;Teubang Phuy
11.06.10.2016;Ateuk Anggok
11.06.10.2017;Ajee Rayeuk
11.06.10.2018;Ajee Cut
11.06.10.2019;Gani
11.06.10.2020;Ateuk Lueng Ie
11.06.10.2021;Cot Alue
11.06.10.2022;Cot Suruy
11.06.10.2023;Cot Bada
11.06.10.2024;Ajee Pagar Air
11.06.10.2025;Meunasah Krueng
11.06.10.2026;Jurong Peujera
11.06.10.2027;Lubok Batee
11.06.10.2028;Bineh Blang
11.06.10.2029;Pantee
11.06.10.2030;Kalut
11.06.10.2031;Meunasah Manyang Pagar Air
11.06.10.2032;Meunasah Manyet
11.06.10.2033;Santan
11.06.10.2034;Tanjong
11.06.10.2035;Reuloh
11.06.10.2041;Paleuh Blang
11.06.10.2042;Cot Mentiwan
11.06.10.2043;Lampreh Lam Jampok
11.06.10.2044;Paleuh Pulo
11.06.10.2045;Lamcot
11.06.10.2046;Lamsinyeu
11.06.10.2047;Lam Ue
11.06.10.2048;Cot Gud
11.06.10.2049;Lamdaya
11.06.10.2050;Lambada
11.06.10.2051;Ujong XII
11.06.10.2052;Bada
11.06.10.2053;Lamteungoh
11.06.10.2054;Kayee Lee
11.06.10.2056;Lampreh Lamteungoh
11.06.11;Kuta Baro
11.06.11.2001;Krueng Anoi
11.06.11.2002;Lam Puuk
11.06.11.2003;Cot Beut
11.06.11.2004;Bueng Bakjok
11.06.11.2005;Lam Neuheun
11.06.11.2006;Seupeu
11.06.11.2007;Cot Mancang
11.06.11.2008;Lam Baed
11.06.11.2009;Cot Masam
11.06.11.2016;Gue
11.06.11.2018;Lam Sabang
11.06.11.2019;Lam Alue Raya
11.06.11.2020;Lam Alue Cut
11.06.11.2021;Leupung Mesjid
11.06.11.2022;Cot Lamee
11.06.11.2023;Leupung Ule Alue
11.06.11.2024;Lampoh Tarom
11.06.11.2025;Lamteube Geupula
11.06.11.2026;Lamteube Mon Ara
11.06.11.2027;Aron
11.06.11.2028;Bak Buloh
11.06.11.2029;Lam Seunong
11.06.11.2030;Lam Raya
11.06.11.2031;Lam Roh
11.06.11.2032;Lambunot Tanoh
11.06.11.2033;Tumpok Lampoh
11.06.11.2034;Puuk
11.06.11.2035;Lambunot Paya
11.06.11.2036;Lampoh Keude
11.06.11.2037;Lam Asan
11.06.11.2038;Lambro Deyah
11.06.11.2039;Lambro Bileu
11.06.11.2040;Cot Peutano
11.06.11.2041;Cot Cut
11.06.11.2042;Meunasah Baktrieng
11.06.11.2043;Babah Jurong
11.06.11.2044;Lam Glumpang
11.06.11.2045;Rabeu
11.06.11.2046;Cucum
11.06.11.2047;Deyah
11.06.11.2048;Lam Trieng
11.06.11.2049;Beurangong
11.06.11.2050;Cot Preh
11.06.11.2051;Cot Raya
11.06.11.2052;Cot Yang
11.06.11.2053;Ujong Blang
11.06.11.2054;Lamceu
11.06.12;Darussalam
11.06.12.2001;Angan
11.06.12.2002;Lam Peudaya
11.06.12.2003;Lambada Peukan
11.06.12.2004;Lambiheu La
11.06.12.2005;Lambaro Sukon
11.06.12.2006;Miruek Taman
11.06.12.2007;Suleue
11.06.12.2008;Gampong Cot
11.06.12.2009;Gampong Blang
11.06.12.2010;Lampuja
11.06.12.2011;Tanjung Deah
11.06.12.2012;Limpok
11.06.12.2013;Lampuuk
11.06.12.2014;Lam Ujong
11.06.12.2015;Lam Gawe
11.06.12.2016;Berabung
11.06.12.2017;Lamtimpeung
11.06.12.2018;Tungkop
11.06.12.2019;Tanjong Seulamat
11.06.12.2020;Lamkeunung
11.06.12.2021;Lam Duroy
11.06.12.2022;Lam Klat
11.06.12.2023;Lambiheu Siem
11.06.12.2024;Lambitra
11.06.12.2025;Lie Eue
11.06.12.2026;Krueng Kalee
11.06.12.2027;Lam Asan
11.06.12.2028;Lam Reh
11.06.12.2029;Siem
11.06.13;Pulo Aceh
11.06.13.2001;Rinon
11.06.13.2002;Alue Raya
11.06.13.2003;Melingge
11.06.13.2004;Lapeng
11.06.13.2005;Ulee Paya
11.06.13.2006;Gugop
11.06.13.2007;Seurapong
11.06.13.2008;Blang Situngkoh
11.06.13.2009;Paloh
11.06.13.2010;Lampuyang
11.06.13.2011;Lhok
11.06.13.2012;Teunom
11.06.13.2013;Lamteng
11.06.13.2014;Pasi Janeng
11.06.13.2015;Rabo
11.06.13.2016;Alue Reuyeueng
11.06.13.2017;Deudap
11.06.14;Lembah Seulawah
11.06.14.2001;Lamtamot
11.06.14.2002;Lambaro Tunong
11.06.14.2003;Lonbaroh
11.06.14.2004;Lon Asan
11.06.14.2005;Paya Keureuleh
11.06.14.2006;Panca
11.06.14.2007;Lam Kubu
11.06.14.2008;Panca Kubu
11.06.14.2009;Suka Damai
11.06.14.2010;Suka Mulya
11.06.14.2011;Saree Aceh
11.06.14.2012;Teuladan
11.06.15;Kota Jantho
11.06.15.2001;Teureubeh
11.06.15.2002;Barueh
11.06.15.2003;Jantho
11.06.15.2004;Awek
11.06.15.2005;Data Cut
11.06.15.2006;Bueng
11.06.15.2007;Weu
11.06.15.2008;Jalin
11.06.15.2009;Suka Tani
11.06.15.2010;Cucum
11.06.15.2011;Jantho Baru
11.06.15.2012;Jantho Makmur
11.06.15.2013;Bukit Meusara
11.06.16;Kota Cot Glie
11.06.16.2001;Lampakuk
11.06.16.2002;Lampoh Raja
11.06.16.2003;Lam Aling
11.06.16.2004;Lamleupung
11.06.16.2005;Lamkleng
11.06.16.2006;Ie Alang Lamkreumeuh
11.06.16.2007;Ie Alang Lamghui
11.06.16.2008;Ie Alang Mesjid
11.06.16.2009;Ie Alang Dayah
11.06.16.2010;Lamtui
11.06.16.2011;Barih Lhok
11.06.16.2012;Bueng Simek
11.06.16.2013;Banda Safa
11.06.16.2014;Bithak
11.06.16.2015;Lambeugak
11.06.16.2016;Pakuk
11.06.16.2017;Lamsie
11.06.16.2018;Sigapang
11.06.16.2019;Tutui
11.06.16.2020;Pasar Lampaku
11.06.16.2021;Maheng
11.06.16.2022;Leupung Bruek
11.06.16.2023;Keumireu
11.06.16.2024;Lamleuot
11.06.16.2025;Leupung Balue
11.06.16.2026;Bak Sukon
11.06.16.2027;Cot Bayu
11.06.16.2028;Glee Jai
11.06.16.2029;Keuruweung Blang
11.06.16.2030;Keuruweung Krueng
11.06.16.2031;Siron Blang
11.06.16.2032;Siron Krueng
11.06.17;Kuta Malaka
11.06.17.2001;Lambaro Samahani
11.06.17.2002;Lam Ara Cut
11.06.17.2003;Lam Ara Engkit
11.06.17.2004;Lam Ara Tunong
11.06.17.2005;Leupung Riwat
11.06.17.2006;Tumbo Baro
11.06.17.2007;Leupung Cut
11.06.17.2008;Lamsiteh Cot
11.06.17.2009;Reuleung Karieng
11.06.17.2010;Leubok Buni
11.06.17.2011;Leubok Batee
11.06.17.2012;Bunghu
11.06.17.2013;Teu Dayah
11.06.17.2014;Leupung Rayeuk
11.06.17.2015;Reuleung Glumpang
11.06.18;Simpang Tiga
11.06.18.2001;Ateuk Lam Phang
11.06.18.2002;Ateuk Lampuot
11.06.18.2003;Ateuk Mon Panah
11.06.18.2004;Ateuk Lam Ura
11.06.18.2005;Ateuk Cut
11.06.18.2006;Ateuk Blang Asan
11.06.18.2007;Lamjamee Dayah
11.06.18.2008;Lam Batee
11.06.18.2009;Nya
11.06.18.2010;Batee Linteung
11.06.18.2011;Krueng Mak
11.06.18.2012;Lambunot
11.06.18.2013;Lamjamee Lamkrak
11.06.18.2014;Blang Miro
11.06.18.2015;Blang Preh
11.06.18.2016;Bha Ulee Tutu
11.06.18.2017;Lam Urit
11.06.18.2018;Tantuha
11.06.19;Darul Kamal
11.06.19.2001;Lhang
11.06.19.2002;Biluy
11.06.19.2003;Lambatee
11.06.19.2004;Lamkunyet
11.06.19.2005;Lamtadok
11.06.19.2006;Neusok
11.06.19.2007;Turam
11.06.19.2008;Tubaluy
11.06.19.2009;Blang Kiree
11.06.19.2010;Manee Dayah
11.06.19.2011;Lamsod
11.06.19.2012;Lambleut
11.06.19.2013;Empee Trieng
11.06.19.2014;Lambaro Biluy
11.06.20;Baitussalam
11.06.20.2001;Cadek
11.06.20.2002;Kajhu
11.06.20.2003;Baet
11.06.20.2004;Blang Krueng
11.06.20.2005;Klieng Muria
11.06.20.2006;Lam Bada Lhok
11.06.20.2007;Lampineung
11.06.20.2008;Lam Asan
11.06.20.2009;Labuy
11.06.20.2010;Lam Ujong
11.06.20.2011;Klieng Cot Aron
11.06.20.2012;Cot Paya
11.06.20.2013;Miruk Lam Reudep
11.06.21;Krueng Barona Jaya
11.06.21.2001;Meunasah Papeun
11.06.21.2002;Meunasah Baktrieng
11.06.21.2003;Leung Ie
11.06.21.2004;Lampermai
11.06.21.2005;Gle Deyah
11.06.21.2006;Miruk
11.06.21.2007;Lam Gapang
11.06.21.2008;Meunasah Manyang
11.06.21.2009;Meunasah Baet
11.06.21.2010;Meunasah Intan
11.06.21.2011;Rumpet
11.06.21.2012;Gla Meunasah Baro
11.06.22;Leupung
11.06.22.2001;Layeun
11.06.22.2002;Pulot
11.06.22.2003;Lamseunia
11.06.22.2004;Mns. Mesjid
11.06.22.2005;Meunasah Bak U
11.06.22.2006;Dayah Mamplam
11.06.23;Blang Bintang
11.06.23.2001;Cot Puklat
11.06.23.2002;Lamme
11.06.23.2003;Meulayo
11.06.23.2004;Lam Siem
11.06.23.2005;Cot Geundreut
11.06.23.2006;Paya Ue
11.06.23.2007;Cot Monraya
11.06.23.2008;Cot Meulangeun
11.06.23.2009;Cot Madhi
11.06.23.2010;Bueng Sidom
11.06.23.2011;Cot Karieng
11.06.23.2012;Gampong Blang
11.06.23.2013;Cot Malem
11.06.23.2014;Cot Rumpun
11.06.23.2015;Cot Hoho
11.06.23.2016;Cot Jambo
11.06.23.2017;Cot Nambak
11.06.23.2018;Bueng Pageu
11.06.23.2019;Cot Sayun
11.06.23.2020;Teupin Batee
11.06.23.2021;Cot Leuot
11.06.23.2022;Cot Bagie
11.06.23.2023;Kayee Kunyet
11.06.23.2024;Cot Mancang
11.06.23.2025;Empee Bata
11.06.23.2026;Data Makmur
11.07;KAB. PIDIE
11.07.03;Batee
11.07.03.2001;Dayah Tuha
11.07.03.2002;Dayah Baroh
11.07.03.2003;Bintang Hu
11.07.03.2004;Pulo Tukok
11.07.03.2005;Pulo Bungong
11.07.03.2006;Geunteng Barat
11.07.03.2007;Geunteng Timur
11.07.03.2008;Calong Cut
11.07.03.2009;Geulumpang Lhee
11.07.03.2010;Aron
11.07.03.2011;Tuha
11.07.03.2012;Dayah
11.07.03.2013;Mesjid
11.07.03.2014;Meucat
11.07.03.2015;Teupin Raya
11.07.03.2016;Rungkom
11.07.03.2017;Mee
11.07.03.2018;Pulo Pande
11.07.03.2019;Seulatan
11.07.03.2020;Alue Lada
11.07.03.2021;Teupin Jeue
11.07.03.2022;Neuheun
11.07.03.2023;Crueng
11.07.03.2024;Kareung
11.07.03.2025;Kulee
11.07.03.2026;Kulam
11.07.03.2027;Awee
11.07.03.2028;Pasi Beurandeh
11.07.04;Delima
11.07.04.2001;Tunong
11.07.04.2002;Raya
11.07.04.2003;Daboh
11.07.04.2004;Cut
11.07.04.2005;Mesjid Reubee
11.07.04.2006;Tanjong
11.07.04.2007;Geudong
11.07.04.2008;Reuntoh
11.07.04.2009;Reuba
11.07.04.2010;Krueng Reubee
11.07.04.2011;Neulop
11.07.04.2012;Glee
11.07.04.2013;Kumbang
11.07.04.2014;Buloh
11.07.04.2015;Bungo
11.07.04.2016;Dayah Reubee
11.07.04.2017;Jambee
11.07.04.2018;Dayah Baro
11.07.04.2019;Puuk
11.07.04.2020;Lhee Meunasah
11.07.04.2021;Ulee Tutue Raya
11.07.04.2022;Mesjid Aree
11.07.04.2023;Keutapang Aree
11.07.04.2024;Pante
11.07.04.2025;Pulo Tunong
11.07.04.2026;Pulo Baroh
11.07.04.2027;Krumbok
11.07.04.2028;Ceurih Blang Mee
11.07.04.2029;Ceurih Keupula
11.07.04.2030;Ceurih Alue
11.07.04.2031;Ceurih Cot
11.07.04.2032;Seupeung
11.07.04.2033;Sukon Lhong
11.07.04.2034;Dayah Beuah
11.07.04.2035;Krueng Cot
11.07.04.2036;Mesjid Beuah
11.07.04.2037;Lueng Dama
11.07.04.2038;Mesjid Bambong
11.07.04.2039;Reuseb
11.07.04.2040;Sagoe
11.07.04.2041;Seukeum
11.07.04.2042;Pengoe
11.07.04.2043;Keutapang Bambong
11.07.04.2044;Metareum
11.07.05;Geumpang
11.07.05.2001;Bangkeh
11.07.05.2002;Pucok
11.07.05.2004;Leupu
11.07.05.2005;Pulo Loih
11.07.05.2006;Keune
11.07.06;Geulumpang Tiga
11.07.06.2001;Simpang
11.07.06.2002;Krueng Jangko
11.07.06.2003;Krueng Nyong
11.07.06.2004;Cot Baroh
11.07.06.2005;Cot Tunong
11.07.06.2006;Bili
11.07.06.2007;Panjoe
11.07.06.2008;Amud Mesjid
11.07.06.2009;Reudeup Meulayu
11.07.06.2010;Dayah Tanoh
11.07.06.2011;Mamplam
11.07.06.2012;Balee
11.07.06.2013;Keupula
11.07.06.2014;Pulo Lueng Teuga
11.07.06.2015;Sukon Mesjid
11.07.06.2016;Sukon Baroh
11.07.06.2017;Krut Teumpeun
11.07.06.2018;Blang Drang
11.07.06.2019;Ude Gampong
11.07.06.2020;Kayee Jatou
11.07.06.2021;Kampong Jeumpa
11.07.06.2022;Pulo Lon / Pulo Dayah
11.07.06.2023;Jurong Pande
11.07.06.2024;Pulo Gajah Mate
11.07.06.2025;Tufah Jeulatang
11.07.06.2026;Kumbang Keupula
11.07.06.2027;Pulo Batee
11.07.06.2028;Meunjee
11.07.06.2029;Keutapang Mesjid
11.07.06.2030;Dayah Kp. Pisang
11.07.06.2031;Blang Tunong
11.07.06.2032;Blang Pueb
11.07.06.2033;Lambaro
11.07.06.2034;Neurok
11.07.07;Indra Jaya
11.07.07.2001;Tampieng Tunong
11.07.07.2002;Tampieng Baroh
11.07.07.2003;Dayah Caleue
11.07.07.2004;Jurong
11.07.07.2005;Keutapang
11.07.07.2006;Dayah Keurako
11.07.07.2007;Mesjid Lam Ujong
11.07.07.2008;Baro Jruek
11.07.07.2009;Yub Mee
11.07.07.2010;Raya
11.07.07.2011;Pulo Gampong U
11.07.07.2012;Pante Lhok Kaju
11.07.07.2014;Sukon Tungkop
11.07.07.2015;Rawa Tungkop
11.07.07.2016;Mesjid Tungkop
11.07.07.2017;Dayah Muara
11.07.07.2018;Pante Garot
11.07.07.2019;Garot Cut
11.07.07.2020;Keubang
11.07.07.2021;Blang Garot
11.07.07.2022;Meulayu
11.07.07.2023;Tungkop Cut
11.07.07.2024;Guci
11.07.07.2025;Teungoh Blang
11.07.07.2026;Mesjid Dijiem
11.07.07.2027;Sukon Ulee Gampong
11.07.07.2028;Lam Kabu
11.07.07.2029;Ulee Birah
11.07.07.2030;Mesjid Baro
11.07.07.2031;Lam Reuneng
11.07.07.2032;Cot Seuke
11.07.07.2033;Drien
11.07.07.2034;Rumia
11.07.07.2035;Wakheuh
11.07.07.2036;Baro Bluek
11.07.07.2037;Mesjid Ulee Gampong
11.07.07.2038;Dayah Bie
11.07.07.2039;Bale Baro Bluek
11.07.07.2040;Putoe Gapui
11.07.07.2041;Blang Rapai
11.07.07.2042;Neulop II
11.07.07.2043;Baro Gapui
11.07.07.2044;Bale Baroh Gapui
11.07.07.2045;Glee Gapui
11.07.07.2046;Teungoh Suwiek
11.07.07.2047;Mesjid Suwiek
11.07.07.2048;Tuha Suwiek
11.07.07.2049;Beureudep
11.07.07.2050;Blang Lhok Kaju
11.07.08;Kembang Tanjong
11.07.08.2001;Jurong Balee
11.07.08.2002;Aron Asan Kumbang
11.07.08.2003;Cebrek
11.07.08.2004;Jurong Mesjid
11.07.08.2005;Meunasah Gantung
11.07.08.2006;Babah Jurong
11.07.08.2007;Keupula
11.07.08.2008;Jareng
11.07.08.2009;Arusan
11.07.08.2010;Tanjong Krueng
11.07.08.2011;Lancang
11.07.08.2012;Pasi Lhok
11.07.08.2013;Jeumeurang
11.07.08.2014;Pusong
11.07.08.2015;Meuraksa
11.07.08.2016;Kayee Panyang
11.07.08.2017;Kampong Panjoe
11.07.08.2018;Kampong Asan
11.07.08.2019;Meunasah Mesjid
11.07.08.2020;Meunasah Mee
11.07.08.2021;Meunasah Teungoh
11.07.08.2022;Pasi ie Leubeue
11.07.08.2023;Keude ie Leubeue
11.07.08.2024;Sukon
11.07.08.2025;Ara
11.07.08.2026;Meunasah Krueng
11.07.08.2027;Krueng Dhoe
11.07.08.2028;Meunasah Baro
11.07.08.2029;Bentayan
11.07.08.2030;Kandang
11.07.08.2031;Lamkawe
11.07.08.2032;Puuk
11.07.08.2033;Tanjong
11.07.08.2034;Deyah Blang
11.07.08.2035;Deyah Mon Ara
11.07.08.2036;Keureumbok
11.07.08.2037;Manyang
11.07.08.2038;Matang Kuli
11.07.08.2039;Rheung Rheung
11.07.08.2040;Teumpeun
11.07.08.2041;Blang Cut
11.07.08.2042;Geulumpang
11.07.08.2043;Aron Kuta Baro
11.07.08.2044;Kampong Barat
11.07.08.2045;Kampong Araih
11.07.09;Kota Sigli
11.07.09.2001;Blang Paseh
11.07.09.2002;Benteng
11.07.09.2003;Blok Bengkel
11.07.09.2004;Pante Teungoh
11.07.09.2005;Kuala Pidie
11.07.09.2006;Keramat Luar
11.07.09.2007;Keramat Dalam
11.07.09.2008;Blok Sawah
11.07.09.2009;Blang Asan
11.07.09.2010;Lampoh Krueng
11.07.09.2011;Kampong Asan
11.07.09.2012;Meunasah Peukan
11.07.09.2013;Pasi Rawa
11.07.09.2014;Pasi Peukan Baro
11.07.09.2015;Tanjong Krueng
11.07.11;Mila
11.07.11.2001;Blang
11.07.11.2002;Teumeucet
11.07.11.2003;Blang Cut
11.07.11.2004;Kumbang
11.07.11.2005;Pulo Tanjong
11.07.11.2006;Ara Bungkok
11.07.11.2007;Lagang
11.07.11.2008;Mesjid Ilot
11.07.11.2009;Baroh Ilot
11.07.11.2010;Tunong Ilot
11.07.11.2011;Teungoh Ilot
11.07.11.2012;Dayah Andeue
11.07.11.2013;Dayah Sinthop
11.07.11.2014;Kulu
11.07.11.2015;Mesjid Andeue
11.07.11.2016;Meuyub Lala
11.07.11.2017;Tuha Lada
11.07.11.2018;Lhok Lubue
11.07.11.2019;Babah Jurong
11.07.11.2020;Krueng Lala
11.07.12;Muara Tiga
11.07.12.2001;Cot
11.07.12.2002;Tgk Di Laweung
11.07.12.2003;Mesjid
11.07.12.2004;Keupula
11.07.12.2005;Suka Jaya
11.07.12.2006;Pawod
11.07.12.2007;Dayah
11.07.12.2008;Krueng
11.07.12.2009;Gle Cut
11.07.12.2010;IE Masen
11.07.12.2011;Sagoe
11.07.12.2012;Ujong Pie
11.07.12.2013;Blang Raya
11.07.12.2014;Batee
11.07.12.2015;Ingin Jaya
11.07.12.2016;Papeun
11.07.12.2017;Tuha Biheue
11.07.12.2018;Simpang Beutong
11.07.13;Mutiara
11.07.13.2001;Mesjid Yaman
11.07.13.2002;Baro Yaman
11.07.13.2003;Mee Teungoh Yaman
11.07.13.2004;Sentosa
11.07.13.2005;Baroh Barat Yaman
11.07.13.2006;Tuha Gampong Gajah
11.07.13.2007;Jadan
11.07.13.2008;Balee Keumangan
11.07.13.2009;Blang Tidiek
11.07.13.2010;Blang Lilue
11.07.13.2011;Keumangan Cut
11.07.13.2012;Mesjid Keumangan
11.07.13.2013;Dayah Tidiek
11.07.13.2014;Lueng Sagoe
11.07.13.2015;Blang Beureueh
11.07.13.2016;Dayah Beureueh
11.07.13.2017;Pante Beureueh
11.07.13.2018;Rapana
11.07.13.2019;Paya Tiba
11.07.13.2020;Paloh Kambuek
11.07.13.2021;Lampoh Sirong
11.07.13.2022;Mee Panyang
11.07.13.2023;Reului
11.07.13.2024;Dayah Syarief
11.07.13.2025;Peureulak
11.07.13.2026;Ribeun
11.07.13.2027;Balee Busu
11.07.13.2028;Lingkok Busu
11.07.13.2029;Kumbang
11.07.14;Padang Tiji
11.07.14.2001;Mesjid Kunyet
11.07.14.2002;Piala Kunyet
11.07.14.2003;Hagu Kunyet
11.07.14.2004;Baro Kunyet
11.07.14.2005;Dayah Tanoh Kunyet
11.07.14.2006;Kambuk Nicah Kunyet
11.07.14.2007;Kambuk Payapi Kunyet
11.07.14.2008;Seunadeu Kunyet
11.07.14.2009;Blang Guci Kunyet
11.07.14.2010;Dayah Baroh Kunyet
11.07.14.2011;Blang Geuleudieng
11.07.14.2012;Geulumpang Geuleudieng
11.07.14.2013;Mesjid Geuleudieng
11.07.14.2014;Sukon Peudaya
11.07.14.2015;Mesjid Peudaya
11.07.14.2016;Cut Peudaya
11.07.14.2017;Buloh Peudaya
11.07.14.2018;Perlak Peudaya
11.07.14.2019;Dayah Baroh Peudaya
11.07.14.2020;Teungoh Peudaya
11.07.14.2021;Tuha Peudaya
11.07.14.2022;Tunong Peudaya
11.07.14.2023;Buni Reulieng Peudaya
11.07.14.2024;Trieng Paloh
11.07.14.2025;Leuhob Paloh
11.07.14.2026;Jurong Gampong Cot Paloh
11.07.14.2027;Suyo Paloh
11.07.14.2028;Kreet Paloh
11.07.14.2029;Capa Paloh
11.07.14.2030;Jurong Anoe Paloh
11.07.14.2031;Balee Paloh
11.07.14.2032;Siron Paloh
11.07.14.2033;Gampong Cut Paloh
11.07.14.2034;Pante Cermen Paloh
11.07.14.2035;Pasar Paloh
11.07.14.2036;Cot Kunyet
11.07.14.2037;Meuke Beurabo
11.07.14.2038;Mesjid Beurabo
11.07.14.2039;Seukeumbrok Beurabo
11.07.14.2040;Baro Beurabo
11.07.14.2041;Adang Beurabo
11.07.14.2042;Paloh Jeurat Beurabo
11.07.14.2043;Seuleunggieng Beurabo
11.07.14.2044;Teungoh Drien Gogo
11.07.14.2045;Kumbang Gogo
11.07.14.2046;Mesjid Gogo
11.07.14.2047;Tuha Gogo
11.07.14.2048;Glee Gogo
11.07.14.2049;Meuke Gogo
11.07.14.2050;Raya Gogo
11.07.14.2051;Grong-Grong Gogo
11.07.14.2052;Aron Bunot Gogo
11.07.14.2053;Buloh Gogo
11.07.14.2054;Tunong Tanjong
11.07.14.2055;Keupula Tanjong
11.07.14.2056;Jok Tanjong
11.07.14.2057;Leun Tanjong
11.07.14.2058;Pante Crung Tanjong
11.07.14.2059;Cot Keutapang Tanjong
11.07.14.2060;Siron Tanjong
11.07.14.2061;Mesjid Tanjong
11.07.14.2062;Khang Tanjong
11.07.14.2063;Meuriya Tanjong
11.07.14.2064;Pulo Hagu Tanjong
11.07.15;Peukan Baro
11.07.15.2001;Dua Paya
11.07.15.2002;Cot Meulu
11.07.15.2003;Dayah Bubue
11.07.15.2004;Tanjong Hagu
11.07.15.2005;Sumboe Buga
11.07.15.2006;Rambayan Kupula
11.07.15.2007;Rambayan Lueng
11.07.15.2008;Cempala Kuneng
11.07.15.2009;Peunayong
11.07.15.2010;Leuhop
11.07.15.2011;Kumbang waido
11.07.15.2012;Gampong waido
11.07.15.2013;Mee Krukon
11.07.15.2014;Mee Lampoh Saka
11.07.15.2015;Lueng Guci Rumpong
11.07.15.2016;Dayah Seumideun
11.07.15.2017;Mesjid Guci Rumpong
11.07.15.2018;Reuba Waido
11.07.15.2019;Dayah Tungku
11.07.15.2020;Jurong Raya
11.07.15.2021;Balee Restong
11.07.15.2022;Lueng Mesjid
11.07.15.2023;Teungoh Baroh
11.07.15.2024;Mee Hagu
11.07.15.2025;Dayah Sukon
11.07.15.2026;Blang Raya
11.07.15.2027;Balee Pineung
11.07.15.2028;Menje Mesjid
11.07.15.2029;Me Tanoh
11.07.15.2030;Sialet-Alet
11.07.15.2031;Bluek Arab
11.07.15.2032;Puuk
11.07.15.2033;Dayah Muara
11.07.15.2034;Sawiet
11.07.15.2035;Ulee Tutue
11.07.15.2036;Jim
11.07.15.2037;Keutapang
11.07.15.2038;Meuleuweuk
11.07.15.2039;Jurong
11.07.15.2040;Raya Krueng Seumideun
11.07.15.2041;Sukon Krueng Seumideun
11.07.15.2042;Mee Krueng Seumideun
11.07.15.2043;Blang Krueng Seumideun
11.07.15.2044;Keurumbok
11.07.15.2045;Ulee Cot Seupeng
11.07.15.2046;Kabat
11.07.15.2049;Blang Seupeng
11.07.15.2050;Gampong
11.07.16;Pidie
11.07.16.2001;Tijue
11.07.16.2002;Lampeudue Tunong
11.07.16.2003;Puuk
11.07.16.2004;Lampeudue Baroh
11.07.16.2005;Paya
11.07.16.2006;Mesjid Reuntoh
11.07.16.2007;Dayah Teungoh
11.07.16.2008;Baroh
11.07.16.2009;Dayah Tanoh
11.07.16.2010;Cot Geunduk
11.07.16.2011;Tumpok Laweung
11.07.16.2012;Ulee Ceue
11.07.16.2013;Keude Keulibeut
11.07.16.2014;Ulee Tutue
11.07.16.2015;Dayah Tutong
11.07.16.2016;Lampoh Lada
11.07.16.2017;Keuniree
11.07.16.2018;Tumpok 40
11.07.16.2019;Cot Teungoh
11.07.16.2020;Cot Rheng
11.07.16.2021;Labui
11.07.16.2022;Meunasah Gampong
11.07.16.2023;Pulo Pisang
11.07.16.2024;Lam Kuta
11.07.16.2025;Kampong Pukat
11.07.16.2026;Kampong Barat
11.07.16.2027;Paloh
11.07.16.2028;Gampong Baro
11.07.16.2029;Pulo Bubee
11.07.16.2030;Tibang
11.07.16.2031;Rawa
11.07.16.2032;Peukan Baro
11.07.16.2033;Mancang
11.07.16.2034;Gajah Aye
11.07.16.2035;Lhok Keutapang
11.07.16.2036;Dalueng
11.07.16.2037;Ulee Ceue
11.07.16.2038;Meucat
11.07.16.2039;Dayah Teubeng
11.07.16.2040;Tanjong
11.07.16.2041;Jawa
11.07.16.2042;Bayu
11.07.16.2043;Abo
11.07.16.2044;Keutapang
11.07.16.2045;Krueng Dhoe
11.07.16.2046;Sirong
11.07.16.2047;Keutumbu
11.07.16.2048;Jeumpa
11.07.16.2049;Raya sanggeue
11.07.16.2050;Jeuleupee
11.07.16.2051;Ujong Langgoe
11.07.16.2052;Cot Glumpang
11.07.16.2053;Seriweuk
11.07.16.2054;Mesjid Utue
11.07.16.2055;Leubue
11.07.16.2056;Batee
11.07.16.2057;Raya Uteu
11.07.16.2058;Seukembrok
11.07.16.2059;Bie
11.07.16.2060;Blang Kula
11.07.16.2061;ALue
11.07.16.2062;Seuke
11.07.16.2063;Paya Linteung
11.07.16.2064;Puli
11.07.17;Sakti
11.07.17.2001;Balue Tanoh
11.07.17.2002;Balue Kulu
11.07.17.2003;Meunasah Empeh
11.07.17.2004;Cot Sukon
11.07.17.2005;Mns Dayah Tuha
11.07.17.2006;Kampong Cot
11.07.17.2007;Paloh Jeureula
11.07.17.2008;Barieh
11.07.17.2009;Kandang
11.07.17.2010;Riweuek
11.07.17.2011;Mancang
11.07.17.2012;Kampong Pisang Bucue
11.07.17.2013;Bucue
11.07.17.2014;Lhok Panah
11.07.17.2015;Murong Cot
11.07.17.2016;Cumbok Lie
11.07.17.2017;Lam Ujong
11.07.17.2018;Murong Lhok
11.07.17.2019;Blang Cut
11.07.17.2020;Cot Cantek
11.07.17.2021;Blang Kumot Baroh
11.07.17.2022;B. Kumot Tunong
11.07.17.2023;Cumbok Niwa
11.07.17.2024;Leupeuem Mesjid
11.07.17.2025;Pulo Jeumpa
11.07.17.2026;Beutong Pocut
11.07.17.2027;Beutong Perlak
11.07.17.2028;Gampong Jumpa
11.07.17.2029;Pantee Krueng
11.07.17.2030;Jurong Pante
11.07.17.2032;Mali Lamkuta
11.07.17.2033;Mali Uke
11.07.17.2034;Mali Mesjid
11.07.17.2035;Mali Cot
11.07.17.2036;Tangkueng
11.07.17.2037;Lhok Mee
11.07.17.2038;Lameue Mns. Raya
11.07.17.2039;Lameue Mns. Baro
11.07.17.2040;Lameue Mns. Lueng
11.07.17.2041;Pulo Kreumbok
11.07.17.2042;Mns Raya Kp Pisang
11.07.17.2043;Mns Blang Sakti
11.07.17.2044;Perlak Baroh
11.07.17.2045;Lingkok
11.07.17.2046;Pasar Kota Bakti
11.07.17.2047;Mns Balee
11.07.17.2048;Perlak Asan
11.07.17.2049;Kampong Baro
11.07.17.2050;Mali Guyui
11.07.18;Simpang Tiga
11.07.18.2001;Mns Raya Paya
11.07.18.2002;Mesjid Bungie
11.07.18.2003;Liliep
11.07.18.2004;Ujong Baroh
11.07.18.2005;Peukan Sot
11.07.18.2006;Sukon
11.07.18.2007;Raya Paleue
11.07.18.2008;Lambideng
11.07.18.2009;Cot Paleu
11.07.18.2010;Seukee
11.07.18.2011;Cebrek
11.07.18.2012;Linggong Sagoe
11.07.18.2013;Kulam Baro
11.07.18.2014;Empeh
11.07.18.2015;Nien
11.07.18.2016;Ceureucok Timur
11.07.18.2017;Ceureukcok Barat
11.07.18.2018;Jaja Baroh
11.07.18.2019;Jaja Tunong
11.07.18.2020;Mesjid Gigieng
11.07.18.2021;Gong
11.07.18.2022;Pulo Raya
11.07.18.2023;Pulo Blang
11.07.18.2024;Mamplam
11.07.18.2025;Meunasah Lhee
11.07.18.2026;Pante
11.07.18.2027;Kupula
11.07.18.2028;Mantak Raya
11.07.18.2029;Peukan Tuha
11.07.18.2030;Dayah Lampoh Awe
11.07.18.2031;Meunasah Blang
11.07.18.2032;Pulo Gajah Mate
11.07.18.2033;Seuk Ceukok
11.07.18.2034;Pulo Tu
11.07.18.2035;Jurong
11.07.18.2036;Kampong Blang
11.07.18.2037;Padang
11.07.18.2038;Cot Ara
11.07.18.2039;Dayah Bale Cut
11.07.18.2040;Teungoh Mangki
11.07.18.2041;Dayah Blang
11.07.18.2042;Madika
11.07.18.2043;Sagoe
11.07.18.2044;Cereucok sagoe
11.07.18.2045;Bunien
11.07.18.2046;Paloh Tok Due
11.07.18.2047;Mesjid Tungoe
11.07.18.2048;Blang Leuen
11.07.18.2049;Ujong Gampong
11.07.18.2050;Cot Jaja
11.07.18.2051;Lheue
11.07.18.2052;Ulee Barat
11.07.19;Tangse
11.07.19.2001;Keudee Tangse
11.07.19.2002;Pulo Mesjid I
11.07.19.2003;Pulo Mesjid II
11.07.19.2004;Pulo Sejahtera
11.07.19.2005;Pulo Kawa
11.07.19.2006;Pulo Seunong
11.07.19.2007;Nubok Badeuk
11.07.19.2008;Blang Jeurat
11.07.19.2009;Pulo Baro
11.07.19.2010;Layan
11.07.19.2011;Blang Dalam
11.07.19.2012;Peunalon I
11.07.19.2013;Peunalon II
11.07.19.2014;Krueng Meuriam
11.07.19.2015;Tuha Blang Beungoh
11.07.19.2016;Blang Dhot
11.07.19.2017;Blang Bungong
11.07.19.2018;Ulee Gunong
11.07.19.2019;Keubon Nilam
11.07.19.2020;Paya Guci
11.07.19.2021;Rantau Panyang
11.07.19.2022;Blang Malo
11.07.19.2023;Krueng Seukeuek
11.07.19.2024;Beungga
11.07.19.2025;Alue Calong
11.07.19.2026;Pulo Ie
11.07.19.2027;Lhok Keutapang
11.07.19.2028;Blang Pandak
11.07.21;Tiro/Truseb
11.07.21.2001;Rabo
11.07.21.2002;Pulo Siblah
11.07.21.2003;Lhok Igeuh
11.07.21.2004;Pulo Geulumpang
11.07.21.2005;Meunasah Mancang
11.07.21.2006;Pulo Tambo
11.07.21.2007;Pulo Kenari
11.07.21.2008;Peunadok
11.07.21.2009;Pulo Mesjid
11.07.21.2010;Meunasah Dayah
11.07.21.2011;Trieng Cudo Baroh
11.07.21.2012;Trieng Cudo Tunong
11.07.21.2013;Mampree
11.07.21.2014;Daya Baroh
11.07.21.2015;Daya Teungoh
11.07.21.2016;Dayah KP Baro
11.07.21.2017;Dayah Cot
11.07.21.2018;Blang Rukui
11.07.21.2019;Panton Bunot
11.07.22;Keumala
11.07.22.2001;U Gadeng
11.07.22.2002;Kumbang
11.07.22.2003;Sagoe
11.07.22.2004;Dayah Keumala
11.07.22.2005;Jujiem
11.07.22.2006;Rheng
11.07.22.2007;Cot Nuran
11.07.22.2008;Pulo Pantee
11.07.22.2009;Pulo Teungoh
11.07.22.2010;Asan Nicah
11.07.22.2011;Papeun
11.07.22.2012;Pulo Seupeng
11.07.22.2013;Mesjid Nicah
11.07.22.2014;Tunong
11.07.22.2015;Pako
11.07.22.2016;Pulo Baro
11.07.22.2017;Cot Kreh
11.07.22.2031;Pulo Cahi
11.07.24;Mutiara Timur
11.07.24.2001;Baroh
11.07.24.2002;Alue Jojo
11.07.24.2003;Kampong Cot Usi
11.07.24.2004;Dayah Usi
11.07.24.2005;Paloh lhok Usi
11.07.24.2006;Campli Usi
11.07.24.2007;Mee Tanjong
11.07.24.2008;Mesjid Usi
11.07.24.2009;Paloh Raya
11.07.24.2010;Nibong
11.07.24.2011;Baro Ujong Rimba
11.07.24.2012;Rinti
11.07.24.2013;Didoh
11.07.24.2014;Meugit
11.07.24.2015;Empeh
11.07.24.2016;Blang Riek
11.07.24.2017;Bale Ujong Rimba
11.07.24.2018;Mon Ara
11.07.24.2019;Kulam Ara
11.07.24.2020;Blangon Basah
11.07.24.2021;Rambong
11.07.24.2022;Kampong Lada
11.07.24.2023;Dayah Kumba
11.07.24.2024;Cot Khutang
11.07.24.2025;Dayah Tanoh
11.07.24.2026;Ulee Tutue
11.07.24.2027;Beureueh II
11.07.24.2028;Mesjid Jeurat Manyang
11.07.24.2029;Paloh Tinggi
11.07.24.2030;Karieng
11.07.24.2031;Sagoe Tumpeun
11.07.24.2032;Tong Peria
11.07.24.2033;Tong Weng
11.07.24.2034;Pulo Drien
11.07.24.2035;Mesjid Gumpueng
11.07.24.2036;Ulee Gampong
11.07.24.2037;Barieh
11.07.24.2038;Jumphoh Adan
11.07.24.2039;Mee Adan
11.07.24.2040;Dayah Adan
11.07.24.2041;Alue Adan
11.07.24.2042;Rambot Adan
11.07.24.2043;Meucat Adan
11.07.24.2044;Tiba Mesjid
11.07.24.2045;Tiba Raya
11.07.24.2046;Reubat
11.07.24.2047;Simbe
11.07.24.2048;Jiem
11.07.25;Grong-grong
11.07.25.2001;Gintong
11.07.25.2002;Mesjid Beureuleung
11.07.25.2003;Beureuleung
11.07.25.2004;Baroh
11.07.25.2005;Mee
11.07.25.2006;Paya
11.07.25.2007;Teungoh
11.07.25.2008;Pangge Pilok
11.07.25.2009;Karieng
11.07.25.2010;Grong-Grong
11.07.25.2011;Nicah
11.07.25.2012;Mesjid Memeuaneuk
11.07.25.2013;Daka
11.07.25.2014;Sentosa
11.07.25.2015;Sukon
11.07.27;Mane
11.07.27.2001;Lutueng
11.07.27.2002;Blang Dalam
11.07.27.2003;Mane
11.07.27.2004;Turue Cut
11.07.29;Glumpang Baro
11.07.29.2001;U. Bungkok
11.07.29.2002;Meuteumpeun
11.07.29.2003;Kumbang Unoe
11.07.29.2004;Sagoe
11.07.29.2005;Geunteng
11.07.29.2006;Jurong Baro
11.07.29.2007;Sukon Paku
11.07.29.2008;Pulo Iboih
11.07.29.2009;Sangget
11.07.29.2010;Blang Baroh
11.07.29.2011;Manyang
11.07.29.2012;Pulo Panjoe
11.07.29.2013;Balee Gantung
11.07.29.2014;Daboih
11.07.29.2015;Seureukui Cebrek
11.07.29.2016;Glumpang Bungkok
11.07.29.2017;Ukee
11.07.29.2018;Kumbang Trung Campli
11.07.29.2019;Palong
11.07.29.2020;Seuke
11.07.29.2021;Bungong
11.07.31;Titeue
11.07.31.2001;Lingkok
11.07.31.2002;Pante Kulu
11.07.31.2003;Uke
11.07.31.2004;Pante Siren
11.07.31.2005;Pulo Raya
11.07.31.2006;Cut
11.07.31.2007;Dayah Meunara
11.07.31.2008;Paloh Naleung
11.07.31.2009;Pulo Lhoih
11.07.31.2010;Mesjid Tongpudeng
11.07.31.2011;Blang Thoe
11.07.31.2012;Asan Tongpudeng
11.07.31.2013;Alue
11.08;KAB. ACEH UTARA
11.08.01;Baktiya
11.08.01.2001;Keude Alue Ie Puteh
11.08.01.2002;Meunasah Alue Ie Puteh
11.08.01.2003;Pucok Alue
11.08.01.2004;Alue Anoe Timu
11.08.01.2005;Alue Anoe Barat
11.08.01.2006;Pulo Seukee
11.08.01.2007;Alue Serdang
11.08.01.2008;Cot Mane
11.08.01.2009;Cot Kumbang
11.08.01.2010;Matang Kumbang
11.08.01.2011;Matang Kareung
11.08.01.2012;Cot Ulaya
11.08.01.2013;Alue Geudong
11.08.01.2014;Tanjong Glumpang
11.08.01.2015;Matang Raya Timu
11.08.01.2016;Matang Raya Barat
11.08.01.2017;Matang Kelayu
11.08.01.2018;Alue Buya
11.08.01.2019;Matang Cut
11.08.01.2020;Keude Panteu Breuh
11.08.01.2021;Meudang Ara
11.08.01.2022;Meunasah Bujok
11.08.01.2023;Alue Dama
11.08.01.2024;Cot Ara
11.08.01.2025;Rambong Dalam
11.08.01.2026;Meunasah Geudong
11.08.01.2027;Alue Keutapang
11.08.01.2028;Krueng Lingka Barat
11.08.01.2029;Krueng Lingka Timu
11.08.01.2030;Alue Jamok
11.08.01.2031;Alue Bili Geulumpang
11.08.01.2032;Lhok Seutuy
11.08.01.2033;Alue Bili Rayeuk
11.08.01.2034;Keude Menjee IV
11.08.01.2035;Glumpang Bungkok
11.08.01.2036;Matang Rawa
11.08.01.2037;Glumpang Samlakoe
11.08.01.2038;Arongan Lise
11.08.01.2039;Matang Reudeup
11.08.01.2040;Matang Manyam
11.08.01.2041;Matang Ulim
11.08.01.2042;Matang Beuringen
11.08.01.2043;Cot Manyang
11.08.01.2044;Alue Ie Tarek
11.08.01.2045;Alue Rambong
11.08.01.2046;Matang Linya
11.08.01.2047;Matang Lawang
11.08.01.2048;Glumpang payong
11.08.01.2049;Mon Sukon
11.08.01.2050;Lueng Bata
11.08.01.2051;Ceumpeudak
11.08.01.2052;Buket Dara Baro
11.08.01.2053;Matang Pineung
11.08.01.2054;Matang Baro
11.08.01.2055;Ujong Dama
11.08.01.2056;Babussalam
11.08.01.2057;Cinta Makmur
11.08.02;Dewantara
11.08.02.2001;Keude Krueng Geukuh
11.08.02.2002;Tambon Baroh
11.08.02.2003;Tambon Tunong
11.08.02.2004;Paloh Gadeng
11.08.02.2005;Paloh Lada
11.08.02.2006;Uteun Geulinggang
11.08.02.2007;Pulo Rungkom
11.08.02.2008;Paloh Igeuh
11.08.02.2009;Bangka Jaya
11.08.02.2010;Ulee Pulo
11.08.02.2011;Ulee Reuleung
11.08.02.2012;Geulumpang Sulu Timu
11.08.02.2013;Geulumpang Sulu Barat
11.08.02.2014;Bluka Teubai
11.08.02.2015;Lancang Barat
11.08.03;Kuta Makmur
11.08.03.2001;Meunasah Blang Ara
11.08.03.2002;Meunasah Buket
11.08.03.2003;Blang Talon
11.08.03.2004;Cot Rheu
11.08.03.2005;Krueng Manyang
11.08.03.2006;Bayu
11.08.03.2007;Blang Ado
11.08.03.2008;Dayah Meunara
11.08.03.2009;Meunasah Kumbang
11.08.03.2010;Meunye Cut Bahagia
11.08.03.2011;Lhok Jok
11.08.03.2012;Alue Rambee
11.08.03.2013;Blang Riek
11.08.03.2014;Cempeudak
11.08.03.2015;Seuneubok Drien
11.08.03.2016;Cot Merbo
11.08.03.2017;Keude Blang Ara
11.08.03.2018;Keude Krueng
11.08.03.2019;Krueng Seunong
11.08.03.2020;Pulo Iboih
11.08.03.2021;Blang Gurah
11.08.03.2022;Guha Ulue
11.08.03.2023;Ceumeucet
11.08.03.2024;Pulo Barat
11.08.03.2025;Pulo Rayeuk
11.08.03.2026;Cot Seutui
11.08.03.2027;Langkuta
11.08.03.2028;Saweuk
11.08.03.2029;Meuria
11.08.03.2030;Meunasah Kulam
11.08.03.2031;Cot Seumiyong
11.08.03.2032;Keureusek
11.08.03.2033;Krueng Seupeng
11.08.03.2034;Muling Manyang
11.08.03.2035;Muling Meucat
11.08.03.2036;Babah Lueng
11.08.03.2037;Panton Rayeuk I
11.08.03.2038;Panton Rayeuk II
11.08.03.2039;Sido Muliyo
11.08.04;Lhoksukon
11.08.04.2001;Kuta Lhoksukon
11.08.04.2002;Cot U Sibak
11.08.04.2003;Bintang Hu
11.08.04.2004;Blang Aman
11.08.04.2005;Cot Ara
11.08.04.2006;Blang Rubek
11.08.04.2007;Nga Matang Ubi
11.08.04.2008;Meunasah Reudeup
11.08.04.2009;Alue Buket
11.08.04.2010;Meunye Matang Ubi
11.08.04.2011;Trieng Matang Ubi
11.08.04.2012;Ceubrek
11.08.04.2013;Meunasah Blang
11.08.04.2014;Buket Seuntang
11.08.04.2015;Meunasah Arongan AB
11.08.04.2016;Trieng Pantang
11.08.04.2017;Meunasah Leubok AB
11.08.04.2018;Cot Glumpang AB
11.08.04.2019;Abeuk Leupon
11.08.04.2020;Ara AB
11.08.04.2021;Mancang
11.08.04.2022;Matang Pupanji AB
11.08.04.2023;Meunasah Asan AB
11.08.04.2024;Matang Teungoh AB
11.08.04.2025;Pante
11.08.04.2026;Rambot
11.08.04.2027;Meunasah Alue Drien LB
11.08.04.2028;Alue Mudem
11.08.04.2029;Meunasah Geulinggang
11.08.04.2030;Meunasah Asan LB
11.08.04.2031;Beringin LB
11.08.04.2032;Meunasah Teungoh LB
11.08.04.2033;Meunasah Rayeuk LB
11.08.04.2034;Meunasah Ulee Barat
11.08.04.2035;Meunasah Ranto
11.08.04.2036;Meunasah Tutong
11.08.04.2037;Meunasah Nga LB
11.08.04.2038;Keutapang
11.08.04.2039;Matang Munjee
11.08.04.2040;Pulo Dulang
11.08.04.2041;Dayah LB
11.08.04.2042;Meunasah Geumata
11.08.04.2043;Meunasah Meureubo
11.08.04.2044;Meunasah Dayah LT
11.08.04.2045;Arongan LT
11.08.04.2046;Meunasah Tuha
11.08.04.2047;Meunasah Krueng LT
11.08.04.2048;Babah Geudeubang
11.08.04.2049;Grong-grong
11.08.04.2050;Alue Itam Reudeup
11.08.04.2051;Teupin Keubeu
11.08.04.2052;Meunasah Nga LT
11.08.04.2053;Meunasah Meuria
11.08.04.2054;Kumbang LT
11.08.04.2055;Seneubok Dalam
11.08.04.2056;Aleu Eumpok
11.08.04.2057;Meunasah Jok
11.08.04.2058;Manyang
11.08.04.2059;Lhok Kareung
11.08.04.2060;Cot Asan
11.08.04.2061;Alue Abee
11.08.04.2062;Buloh LT
11.08.04.2063;Geulumpang
11.08.04.2064;Meunasah Teungoh LT
11.08.04.2065;Mata U
11.08.04.2066;Meucat
11.08.04.2067;Buket Mee LT
11.08.04.2068;Ulee Tanoh
11.08.04.2069;Buket Kreung
11.08.04.2070;Ulee Gunong
11.08.04.2071;Lhok Seuntang
11.08.04.2072;Alue Itam Baroh
11.08.04.2073;Mata Ie
11.08.04.2074;Rawa
11.08.04.2075;Buket Hagu
11.08.05;Matangkuli
11.08.05.2001;Keude Matangkuli
11.08.05.2002;Ude
11.08.05.2003;Blang Matangkuli
11.08.05.2004;Rayeuk Matangkuli
11.08.05.2005;Tumpok Perlak
11.08.05.2006;Ujong Kulam
11.08.05.2007;Tanjong Teungku Ali
11.08.05.2008;Rayeuk Glang Glong
11.08.05.2009;Punti Geulumpang VII
11.08.05.2010;Geulumpang VII
11.08.05.2011;Teungoh Glumpang VII
11.08.05.2012;Aron Geulumpang VII
11.08.05.2013;Matang Munye
11.08.05.2014;Parang Sikureung
11.08.05.2015;Baro
11.08.05.2016;Mee
11.08.05.2017;Tanjong Babah Krueng
11.08.05.2018;Punti Matangkuli
11.08.05.2019;Teupin Keubue
11.08.05.2020;Trieng Teupin Keubue
11.08.05.2021;Matang Mee
11.08.05.2022;Jeumpa Geulumpang VII
11.08.05.2034;Tumpok Barat
11.08.05.2035;Meuria Matangkuli
11.08.05.2036;Hagu
11.08.05.2037;Alue Tho
11.08.05.2039;Ceubrek Pirak
11.08.05.2040;Rayeuk Pirak
11.08.05.2041;Aron Pirak
11.08.05.2042;Lawang
11.08.05.2043;Tanjong Haji Muda
11.08.05.2044;Siren
11.08.05.2045;Meunye Pirak
11.08.05.2046;Beuringen Pirak
11.08.05.2047;Teungoh Pirak
11.08.05.2048;Mesjid Pirak
11.08.05.2049;Matang Peusangan
11.08.05.2050;Pante Pirak
11.08.05.2052;Leubok Pirak
11.08.05.2053;Blang Kuta
11.08.05.2054;Blang Supeng
11.08.05.2055;Beurancan Pirak
11.08.05.2066;Alue Entok
11.08.05.2067;Tanjong Teungku Kari
11.08.05.2068;Teungoh Seuleumak
11.08.05.2069;Seuriweuk
11.08.05.2070;Dayah Baro
11.08.05.2071;Kunyet Mulee
11.08.05.2072;Tutong
11.08.06;Muara Batu
11.08.06.2001;Keude Mane
11.08.06.2002;Meunasah Drang
11.08.06.2003;Meunasah Baro
11.08.06.2004;Meunasah Lhok
11.08.06.2005;Cot Seurani
11.08.06.2006;Mane Tunong
11.08.06.2007;Kuala Dua
11.08.06.2008;Meunasah Pinto
11.08.06.2009;Keude Bungkaih
11.08.06.2010;Kambam
11.08.06.2011;Meunasah Aron
11.08.06.2012;Cot Trueng
11.08.06.2013;Dakuta
11.08.06.2014;Paloh Awe
11.08.06.2015;Tanoh Anoe
11.08.06.2016;Pante Gurah
11.08.06.2017;Teupin Banja
11.08.06.2018;Teumpok Beurandang
11.08.06.2019;Paloh Raya
11.08.06.2020;Panigah
11.08.06.2021;Ulee Madon
11.08.06.2022;Reuleut Timu
11.08.06.2023;Reuleut Barat
11.08.06.2024;Pinto Makmur
11.08.07;Meurah Mulia
11.08.07.2001;Dayah Bluek
11.08.07.2002;Mesjid Bluek
11.08.07.2003;Meuria Bluek
11.08.07.2004;Rheng Bluek
11.08.07.2005;Pulo Bluek
11.08.07.2006;Rangkileh
11.08.07.2007;Rayeuk Matang
11.08.07.2008;Ulee Meuria
11.08.07.2009;Tanjong
11.08.07.2010;Keude Karieng
11.08.07.2011;Manyang
11.08.07.2012;Ulee Ceubrek
11.08.07.2013;Teumpok Teungku
11.08.07.2014;Geulumpang
11.08.07.2015;Reudeup
11.08.07.2016;Barat Paya Itek
11.08.07.2017;Paya Kambuk
11.08.07.2018;Paya Bili
11.08.07.2019;Meunasah Mee
11.08.07.2020;Meunasah Nga
11.08.07.2021;Ubit Paya Itek
11.08.07.2022;Rayeuk Paya Itek
11.08.07.2023;Blang Cut
11.08.07.2024;Keeh
11.08.07.2025;Kumbang
11.08.07.2026;Pri Keutapang
11.08.07.2027;Mesjid
11.08.07.2028;Teungoh Reuba
11.08.07.2029;Blang Reuma
11.08.07.2030;Drien Puntong
11.08.07.2031;Pulo Kitou
11.08.07.2032;Ceubrek
11.08.07.2033;Meunye Peut
11.08.07.2034;Beuringen
11.08.07.2035;Nibong
11.08.07.2036;Tualang
11.08.07.2037;Pulo Drien Beukah
11.08.07.2038;Teungoh Kuta Batee
11.08.07.2039;Ujung Kuta Batee
11.08.07.2040;Pulo Blang
11.08.07.2041;Leubok Tuwe
11.08.07.2042;Baroh Kuta Batee
11.08.07.2043;Gampong Teungoh
11.08.07.2044;Ranto
11.08.07.2045;Meunye Payong
11.08.07.2046;Ujong Reuba
11.08.07.2047;Paya Sutra
11.08.07.2048;Baree Blang
11.08.07.2049;Keude Jungka Gajah
11.08.07.2050;Saramaba
11.08.08;Samudera
11.08.08.2001;Pie
11.08.08.2002;Asan
11.08.08.2003;Murong
11.08.08.2004;Blang Kabu
11.08.08.2005;Mancang
11.08.08.2006;Keude Geudong
11.08.08.2007;Blang Peuria
11.08.08.2008;Teupin Ara
11.08.08.2009;Teupin Beulangan
11.08.08.2010;Krueng Baro Langgahan
11.08.08.2011;Pusong
11.08.08.2012;Tanjong Kleng
11.08.08.2013;Gampong Baro
11.08.08.2014;Beuringen
11.08.08.2015;Kuta Krueng
11.08.08.2016;Kuta Glumpang
11.08.08.2017;Meucat
11.08.08.2018;Krueng Baro Blang Mee
11.08.08.2019;Ujong
11.08.08.2020;Mesjid
11.08.08.2021;Teungoh
11.08.08.2022;Keude Blang Mee Pulo Klat
11.08.08.2023;Puuk
11.08.08.2024;Lancang
11.08.08.2025;Matang Ulim
11.08.08.2026;Sawang
11.08.08.2027;Laga Baro
11.08.08.2028;Pulo
11.08.08.2029;Matang Tunong
11.08.08.2030;Matang Puntong
11.08.08.2031;Blang Nibong
11.08.08.2032;Tanjong Baroh
11.08.08.2033;Tanjong Hagu
11.08.08.2034;Tanjong Reungkam
11.08.08.2035;Tanjong Mesjid
11.08.08.2036;Paya Terbang
11.08.08.2037;Madan
11.08.08.2038;Tanjong Awe
11.08.08.2039;Kitou
11.08.08.2040;Krueng Matee
11.08.09;Seunuddon
11.08.09.2001;Tanjong Pineng
11.08.09.2002;Meurubo Puntong
11.08.09.2003;Mane Kawan
11.08.09.2004;Alue Barueh
11.08.09.2005;Keude Simpang Jalan
11.08.09.2006;Blang Pha
11.08.09.2007;Alue Kiran
11.08.09.2008;Blang Tue
11.08.09.2009;Cot Kafiraton
11.08.09.2010;Tanjong Dama
11.08.09.2011;Paya Dua Uram
11.08.09.2012;Paya Dua Ujong
11.08.09.2013;Alue Capli
11.08.09.2014;Simpang Peut
11.08.09.2015;Meunasah Sagoe
11.08.09.2016;Matang Puntong
11.08.09.2017;Matang Panyang
11.08.09.2018;Cot Patisah
11.08.09.2019;Cot Trueng
11.08.09.2020;Darul Aman
11.08.09.2021;Matang Jeulikat
11.08.09.2022;Lhok Puuk
11.08.09.2023;Ulee Rubek Barat
11.08.09.2024;Ulee Rubek Timu
11.08.09.2025;Bantayan
11.08.09.2026;Teupin Kuyuen
11.08.09.2027;Matang Lada
11.08.09.2028;Ulee Matang
11.08.09.2029;Matang Karieng
11.08.09.2030;Lhok Rambideng
11.08.09.2031;Matang Anoe
11.08.09.2032;Lhok Geulituet
11.08.09.2033;Ulee Titi
11.08.10;Syamtalira Aron
11.08.10.2001;Keude Aron
11.08.10.2002;Dayah Aron
11.08.10.2003;Moncrang
11.08.10.2004;Kanot
11.08.10.2005;Meuria Aron
11.08.10.2006;Mee Aron
11.08.10.2007;Glok
11.08.10.2008;Cibrek Baroh
11.08.10.2009;Cibrek Tunong
11.08.10.2010;Matang Munye
11.08.10.2011;Pante
11.08.10.2012;Keutapang
11.08.10.2013;Blang
11.08.10.2014;Teungoh
11.08.10.2015;Tanjong Krueng Pase
11.08.10.2016;Mesjid
11.08.10.2017;Keude Teupin Punti
11.08.10.2018;Kumbang
11.08.10.2019;Gampong U
11.08.10.2020;Calong
11.08.10.2021;Manyang Baroh
11.08.10.2022;Peurupok
11.08.10.2023;Alue Gunto
11.08.10.2024;Pulo
11.08.10.2025;Kulam
11.08.10.2026;Ampeh
11.08.10.2027;Dayah Meuria
11.08.10.2028;Mampree
11.08.10.2029;Meucat
11.08.10.2030;Ara
11.08.10.2031;Hagu
11.08.10.2032;Awe
11.08.10.2033;Tanjong Mulieng
11.08.10.2034;Daya Teungku
11.08.11;Syamtalira Bayu
11.08.11.2001;Bale
11.08.11.2002;Bie
11.08.11.2003;Beurandang
11.08.11.2004;Baro Kulam Gajah
11.08.11.2005;Glong
11.08.11.2006;Nibong
11.08.11.2007;Langa
11.08.11.2008;Beunot
11.08.11.2009;Keude Bayu
11.08.11.2010;Blang Bayu
11.08.11.2011;Dayah Tuha
11.08.11.2012;Dayah Baro
11.08.11.2013;Lancok
11.08.11.2014;Punti
11.08.11.2015;Bungong
11.08.11.2016;Baroh Blang Rimueng
11.08.11.2017;Ulee Meuria
11.08.11.2018;Kayee Panyang
11.08.11.2019;Rheng
11.08.11.2020;Trieng Meudurou
11.08.11.2021;Ulee Gampong
11.08.11.2022;Garut
11.08.11.2023;Blang Awe
11.08.11.2024;Pulo Blang Mangat
11.08.11.2025;Cibrek
11.08.11.2026;Pulo Blang Trieng
11.08.11.2027;Meudang Ara
11.08.11.2028;Cot Neuheun
11.08.11.2029;Tumpeun
11.08.11.2030;Alen
11.08.11.2031;Dayah Blang Seureukuy
11.08.11.2032;Blang Patra
11.08.11.2033;Blang Majron
11.08.11.2034;Seuneubok Baro
11.08.11.2035;Buket Glumpang
11.08.11.2037;Alue Majron
11.08.11.2038;Siren Tujoh
11.08.11.2047;Blang Seureukuy
11.08.12;Tanah Luas
11.08.12.2001;Pulo Blang
11.08.12.2002;Matang Ben
11.08.12.2003;Matang Cibrek
11.08.12.2004;Deng
11.08.12.2005;Rawa
11.08.12.2006;Punti Pulo Agam
11.08.12.2007;Alue Pangkat
11.08.12.2008;Teungoh Pulo Agam
11.08.12.2009;Hueng
11.08.12.2010;Pulo U
11.08.12.2011;Alue Keujruen
11.08.12.2012;Paya Beurandang
11.08.12.2013;Manyang Tunong
11.08.12.2014;Meunasah Tutong
11.08.12.2015;Ampeh
11.08.12.2016;Alue
11.08.12.2017;Teungku Dibalee
11.08.12.2018;Keude Blang Jruen
11.08.12.2019;Blang Jruen
11.08.12.2020;Ujong Baroh Berghang
11.08.12.2021;Jeumpa Berghang
11.08.12.2022;Teungoh Berghang
11.08.12.2023;Pante Berghang
11.08.12.2024;Serba Jaman
11.08.12.2025;Rayeuk Naleung
11.08.12.2026;Rangkaya
11.08.12.2027;Paya
11.08.12.2028;Blang Bidok
11.08.12.2029;Rayeuk Kuta
11.08.12.2030;Rayeuk Munye
11.08.12.2031;Ujong Baroh SB
11.08.12.2032;Trieng
11.08.12.2033;Manyang SB
11.08.12.2034;Cibrek
11.08.12.2035;Keutapang
11.08.12.2036;Matang Mane
11.08.12.2037;Alue Gampong
11.08.12.2038;Bayi
11.08.12.2039;Tumpok Aceh
11.08.12.2040;Ulee Buket
11.08.12.2041;Cot Dah
11.08.12.2042;Leupon Siren
11.08.12.2043;Blang Trieng
11.08.12.2044;Alue Sijuek
11.08.12.2045;Hagu
11.08.12.2046;Teupin Mee
11.08.12.2047;Plu Pakam
11.08.12.2048;Blang Pie
11.08.12.2049;Punti Seuleumak Barat
11.08.12.2050;Serba Jaman Tunong
11.08.12.2051;Leuhong
11.08.12.2052;Blang
11.08.12.2053;Tanjong Mesjid
11.08.12.2054;Serba Jaman Baroh
11.08.12.2055;Cot Barat
11.08.12.2056;Matang Baloy
11.08.12.2057;Buket Makarti
11.08.13;Tanah Pasir
11.08.13.2001;Alue
11.08.13.2002;Mee Matang Panyang
11.08.13.2003;Blang
11.08.13.2004;Paloh
11.08.13.2005;Keude Matang Payang
11.08.13.2006;Gampong Pande
11.08.13.2007;Matang Ranup Laseh
11.08.13.2008;Cangguek
11.08.13.2009;Kumbang
11.08.13.2010;Prie
11.08.13.2011;Keutapang
11.08.13.2012;Keude Jrat Manyang
11.08.13.2013;Teupin Gapeuh
11.08.13.2014;Cibrek
11.08.13.2015;Me Merbo
11.08.13.2016;Ulee Tanoh
11.08.13.2017;Matang Janeng
11.08.13.2018;Kuala Keureutou Barat
11.08.14;T. Jambo Aye
11.08.14.2001;Teupin Gajah
11.08.14.2002;Geulumpang Umpung Unou
11.08.14.2003;Ranto Panyang
11.08.14.2004;Seuneubok Doe
11.08.14.2005;Meunasah Geudong
11.08.14.2006;Meunasah Merbo
11.08.14.2007;Tanjong Meunye
11.08.14.2008;Matang Jurong
11.08.14.2009;Tanjong Dalam Utara
11.08.14.2010;Meunasah Dayah
11.08.14.2011;Seuneubok Pidie
11.08.14.2012;Tanjong Menuang
11.08.14.2013;Matang Teungoh-Teungoh
11.08.14.2014;Lhok Reudeup
11.08.14.2015;Lhok Merbo
11.08.14.2016;Tanjong Ara
11.08.14.2017;Alue Ie Mirah
11.08.14.2018;Tanjong Punti
11.08.14.2019;Bukit Alue Puteh
11.08.14.2020;Buket Jrat Manyang
11.08.14.2021;Matang Maneh
11.08.14.2022;Pucok Alue
11.08.14.2023;Matang Serdang
11.08.14.2024;Matang Santot
11.08.14.2025;Buket Padang
11.08.14.2026;Matang Seuke Pulot
11.08.14.2027;Lhok Beuringen
11.08.14.2028;Lueng Tuha
11.08.14.2029;Matang Raya
11.08.14.2030;Tanjong Ceungai
11.08.14.2031;Teupin Bayu
11.08.14.2032;Meunasah Panton Labu
11.08.14.2033;Kota Panton Labu
11.08.14.2034;Rawang Itek
11.08.14.2035;Samakurok
11.08.14.2036;Biara Barat
11.08.14.2037;Biara Timur
11.08.14.2038;Matang Drien
11.08.14.2039;Ceumpeudak
11.08.14.2040;Alue Papeun
11.08.14.2041;Lhok Bintang Hu
11.08.14.2042;Biram Rayeuk
11.08.14.2043;Cot Biek
11.08.14.2044;Matang Arongan
11.08.14.2045;Biram Cut
11.08.14.2046;Buket Batee Badan
11.08.14.2047;Ulee Glee
11.08.15;Sawang
11.08.15.2001;Lagang
11.08.15.2002;Abeuk Reuling
11.08.15.2003;Lhok Krek
11.08.15.2004;Lhok Merbo
11.08.15.2005;Gle Dagang
11.08.15.2006;Kuta Meuligoe
11.08.15.2007;Gampong Teungoh
11.08.15.2008;Babah Buloh
11.08.15.2009;Meunasah Pulo
11.08.15.2010;Punteuet
11.08.15.2011;Pante Jaloh
11.08.15.2012;Lhok Kuyun
11.08.15.2013;Blang Reuling
11.08.15.2014;Lhok Gajah
11.08.15.2015;Teupin Rusep
11.08.15.2016;Ulee Geudong
11.08.15.2017;Tanjong Keumala
11.08.15.2018;Cot Kumuneng
11.08.15.2019;Cot Lambideng
11.08.15.2020;Paya Gaboh
11.08.15.2021;Paya Rabo Lhok
11.08.15.2022;Paya Rabo Timu
11.08.15.2023;Lancok
11.08.15.2024;Rambong Payong
11.08.15.2025;Lhok Bayu
11.08.15.2026;Krueng Baro
11.08.15.2027;Babah Krueng
11.08.15.2028;Jurong
11.08.15.2029;Blang Manyak
11.08.15.2030;Lhok Jok
11.08.15.2031;Blang Teurakan
11.08.15.2032;Sawang
11.08.15.2033;Riseh Baroh
11.08.15.2034;Riseh Teungoh
11.08.15.2035;Riseh Tunong
11.08.15.2036;Gunci
11.08.15.2037;Kubu
11.08.15.2038;Blang Cut
11.08.15.2039;Lhok Cut
11.08.16;Nisam
11.08.16.2015;Paloh Mambu
11.08.16.2017;Blang Karieng
11.08.16.2018;Paloh Kayee Kunyet
11.08.16.2019;Gampong Barat
11.08.16.2020;Meunasah Beunot
11.08.16.2021;Seuneubok
11.08.16.2022;Cot Leupee
11.08.16.2023;Gampong Teungoh
11.08.16.2024;Meunasah Meucat
11.08.16.2025;Meunasah Alue
11.08.16.2026;Panton
11.08.16.2027;Paloh Mampree
11.08.16.2028;Peunayan
11.08.16.2029;Tingkeum
11.08.16.2030;Meunasah Rayeuk
11.08.16.2031;Meunasah Cut
11.08.16.2032;Jeulikat
11.08.16.2033;Alue Bili
11.08.16.2034;Cot Mambong
11.08.16.2035;Blang Dalam Geunteng
11.08.16.2036;Blang Dalam Tunong
11.08.16.2037;Blang Dalam Baroh
11.08.16.2038;Cot Mee
11.08.16.2039;Cot Euntung
11.08.16.2040;Blang Crok
11.08.16.2041;Meunasah Krueng
11.08.16.2042;Binjee
11.08.16.2043;Keutapang
11.08.16.2044;Ulee Blang
11.08.17;Cot Girek
11.08.17.2001;Cot Girek
11.08.17.2002;Lhok Meurbo
11.08.17.2003;Kp. Bantan
11.08.17.2004;Alue Seumambu
11.08.17.2005;Ulee Gampong
11.08.17.2006;Batu XII
11.08.17.2007;Kp. Tempel
11.08.17.2008;Alue Leuhob
11.08.17.2009;Seuneubok Baro
11.08.17.2010;Alue Drien
11.08.17.2011;Cempeudak
11.08.17.2012;Matang Teungoh
11.08.17.2013;Pucok Alue
11.08.17.2014;U Baro.
11.08.17.2015;Trieng
11.08.17.2016;Lhok Reuhat
11.08.17.2017;Lueng Baro
11.08.17.2018;Jeulikat
11.08.17.2019;Gampong Ara
11.08.17.2020;Beurandang Dayah
11.08.17.2021;Beurandang Krueng
11.08.17.2022;Seupeng
11.08.17.2023;Beurandang Asan
11.08.17.2024;Drien II
11.08.18;Langkahan
11.08.18.2001;Cot Bada
11.08.18.2002;Alue Dua
11.08.18.2003;Bantayan
11.08.18.2004;Kampong Blang
11.08.18.2005;Paya Tukai
11.08.18.2006;Matang Keutapang
11.08.18.2007;Krueng Lingka
11.08.18.2008;Simpang Tiga
11.08.18.2009;Matang Rubek
11.08.18.2010;Leubok Mane
11.08.18.2011;Matang Teungoh Selatan
11.08.18.2012;Padang Meuria
11.08.18.2013;Alue Krak Kayee
11.08.18.2014;Tanjong Jawa
11.08.18.2015;Meunasah Blang
11.08.18.2016;Tanjong Dalam Selatan
11.08.18.2017;Geudumbak
11.08.18.2018;Langkahan
11.08.18.2019;Rumoh Rayeuk
11.08.18.2020;Buket Linteung
11.08.18.2021;Lubok Pusaka
11.08.18.2022;Seureuke
11.08.18.2023;Pante Gaki Bale
11.08.19;Baktiya Barat
11.08.19.2001;Keude Sampoiniet
11.08.19.2002;Lhok Iboh
11.08.19.2003;Matang Bayu
11.08.19.2004;Lang Nibong
11.08.19.2005;Blang Seunong
11.08.19.2006;Singgah Mata
11.08.19.2007;Matang Panyang
11.08.19.2008;Matang Ceubrek
11.08.19.2009;Matang Teungoh
11.08.19.2010;Cot Paya
11.08.19.2011;Cot Kupok
11.08.19.2012;Matang Raya Blang Sialet
11.08.19.2013;Pucok Alue Buket
11.08.19.2014;Matang Sijuek Timu
11.08.19.2015;Matang Sijuek Teungoh
11.08.19.2016;Matang Sijuek Barat
11.08.19.2017;Cot Laba
11.08.19.2018;Meunasah Pante
11.08.19.2019;Meurandeh Paya
11.08.19.2020;Cot Murong
11.08.19.2021;Matang Paya
11.08.19.2022;Lhok Euncien
11.08.19.2023;Cot Usen
11.08.19.2024;Meunasah Hagu
11.08.19.2025;Blang Rheue
11.08.19.2026;Paya Bateung
11.08.20;Paya Bakong
11.08.20.2001;Blang Ara
11.08.20.2002;Tgk.Dibanda Pirak
11.08.20.2003;Paya Meudru
11.08.20.2004;Blang Sialet
11.08.20.2005;Buket Guru
11.08.20.2006;Geulumpang Pirak
11.08.20.2007;Alue Lhok
11.08.20.2008;Seuneubok Aceh
11.08.20.2009;Buket Pidie
11.08.20.2010;Kebon Pirak
11.08.20.2011;Alue Leukot
11.08.20.2012;Blang Mane
11.08.20.2013;Peureupok
11.08.20.2014;Ulue Bieng